vendedor_id,nome_vendedor,regiao_id
1,Bernardo Antunes,7
2,Maria Lopes,4
3,Bárbara Anjos,8
4,Benedita Valente,5
5,Luís Fernandes,7
6,Eduarda Brito,10
7,Micael Magalhães,3
8,Amélia Almeida,7
9,Eduardo Lourenço,8
10,Bernardo do Pacheco,5
11,Kyara Vaz,4
12,Miguel Brito,8
13,Emanuel Fonseca,8
14,Joaquim Alves,3
15,Vicente Ferreira,6
16,Eduardo Pinto,5
17,Kyara Cardoso,2
18,Hugo Jesus-Fernandes,8
19,Amélia-Luana Fernandes,6
20,Juliana Jesus,2
21,Kelly Cardoso,5
22,Nelson Carneiro,1
23,Hugo Ferreira,10
24,Daniel Lourenço,6
25,Henrique Lourenço,9
26,Letícia Pinto,1
27,Mélanie Almeida,10
28,Rafaela Valente,3
29,Salvador Azevedo,7
30,Martim Campos,4
31,Núria Martins,9
32,Álvaro Santos,3
33,José Assunção,5
34,Bruno Garcia,3
35,Raquel Gonçalves-Neto,7
36,Renata-Andreia Garcia,5
37,Sandro Barbosa,9
38,Erika Borges,7
39,Dinis Neto,2
40,Tiago Paiva,4
41,Bárbara Lima,9
42,Martim Matias-Carneiro,2
43,Débora Martins,10
44,Gil Figueiredo,9
45,William de Martins,10
46,Dinis Melo,5
47,Francisco do Nunes,2
48,Salvador Tavares,4
49,Duarte Teixeira,7
50,Emma Reis,8
51,Salomé Almeida,3
52,Constança Paiva,1
53,Samuel Soares,4
54,Soraia Oliveira,2
55,Ivo Anjos,8
56,Jéssica do Abreu,4
57,Nair Jesus,2
58,Sérgio Torres,6
59,Iara Batista,6
60,Raquel Nogueira-Neto,10
61,Mário do Carneiro,4
62,Beatriz Oliveira,6
63,Mia Garcia,2
64,Ângelo Torres,10
65,Alexandra Borges,2
66,Marco do Guerreiro,10
67,Margarida Neves,4
68,Álvaro Martins,8
69,Artur Domingues-Neves,7
70,Emanuel Araújo,9
71,Mariana Batista,8
72,Madalena da Rocha,5
73,Victória Esteves,2
74,Lucas Baptista-Sousa,5
75,Gustavo do Nascimento,8
76,Kevin Pinto,10
77,Dinis Valente,9
78,Sérgio Rocha,9
79,Gonçalo Tavares,1
80,Paulo Jesus,9
81,Filipa Rodrigues-Pinto,7
82,Emanuel Magalhães,9
83,Caetana do Lopes,8
84,Petra Paiva,1
85,Camila Fonseca,8
86,Constança Garcia,8
87,Margarida de Simões,3
88,Carolina Baptista,1
89,Francisco Morais,8
90,Sofia-Luna Monteiro,3
91,Clara Macedo,3
92,Manuel Batista,1
93,Anita Gaspar,5
94,Vera Pacheco,10
95,Noah Gaspar,7
96,Letícia Sá,10
97,Beatriz Amorim-Sousa,9
98,Luana Andrade-Morais,7
99,Filipa Branco,9
100,Brian Leal,8
101,Diego Henriques,2
102,Renata Torres,1
103,Mia Ferreira,7
104,Marco Torres-Machado,7
105,Bernardo Miranda-Sousa,8
106,Benedita Silva,5
107,Débora-Kyara Ramos,3
108,Rui Paiva-Nogueira,8
109,Kyara Amorim,6
110,Gabriela Pinto,3
111,Martim Matias,1
112,Renato Barros,3
113,William da Pinheiro,5
114,Emanuel Morais-Torres,3
115,Mélanie da Pinto,1
116,Emília Neto,5
117,Tomás Garcia,10
118,Noah Tavares,7
119,José Lourenço,7
120,Alice Pires,9
121,Íris Silva,10
122,Catarina Azevedo,10
123,Márcio Morais,3
124,André Gomes,7
125,Daniel Costa,1
126,Tiago Leite,4
127,Yasmin Vaz,4
128,Juliana Gomes,5
129,Benjamim Teixeira,7
130,Igor Araújo,7
131,Érica de Freitas,4
132,Ivan Nunes,7
133,Isabela Amaral,3
134,Rodrigo Sousa,6
135,Márcio Henriques,2
136,Francisca Araújo,10
137,Luís Branco,9
138,Rúben Santos,5
139,Flor-Sofia Rodrigues,6
140,Guilherme da Vieira,4
141,Carminho Henriques,10
142,Marcos Baptista,7
143,Cristiano Fernandes-Nunes,9
144,Renata Pires-Tavares,7
145,Soraia Carneiro,1
146,Daniel Gaspar,1
147,Mara Gaspar,9
148,Hugo Simões,9
149,Ângelo Tavares,4
150,Gonçalo Freitas,9
151,Bianca Oliveira-Machado,3
152,Joel Gonçalves,7
153,Luna Silva,6
154,Emília Barbosa,8
155,Lia Pereira,9
156,Carminho Soares,5
157,Isaac Alves-Moreira,1
158,Dinis Tavares,3
159,Rafael Cardoso,10
160,Melissa Monteiro,8
161,Bárbara-Miriam Andrade,6
162,Afonso Assunção,8
163,Pedro Maia,9
164,Caetana Jesus,4
165,Ângela Correia,1
166,Henrique Branco,1
167,André Gonçalves,10
168,Eva Oliveira-Paiva,4
169,Joel Esteves,7
170,Valentim Branco,2
171,Luana Moreira,3
172,Nelson Garcia,1
173,Erika Leal,5
174,Tatiana Vicente,1
175,Kévim Mendes-Cruz,8
176,Isabel Lopes,1
177,Alexandre Carneiro,1
178,Afonso Campos-Silva,2
179,Enzo Vicente,2
180,Raquel Esteves,6
181,Brian do Andrade,7
182,Lucas Nunes,5
183,Erica Freitas,1
184,Ivo Tavares,1
185,Kévim Pinheiro,3
186,Pedro Coelho,2
187,Emília do Rocha,5
188,Leonor-Violeta Machado,10
189,Kelly Rocha-Domingues,6
190,Iara Soares,7
191,Tiago Ferreira,4
192,Lorena Pinto,7
193,Nádia Moreira,8
194,Ana Mota,1
195,Emma Tavares-Carneiro,6
196,Teresa Nunes,8
197,Miguel Carneiro,5
198,Emma Moura,4
199,Nuno Moura,2
200,Ângela Mota,6
201,Santiago Loureiro,6
202,Eduarda Gonçalves,1
203,Emília Matos,9
204,Lucas Vaz,6
205,Francisca Vieira,3
206,Eduarda Fernandes,4
207,Ismael Ferreira,4
208,Vasco Correia,3
209,Bárbara Valente,10
210,Yasmin-Ariana Torres,3
211,Diogo do Cruz,3
212,Eduarda Simões,4
213,Marcos Ramos,7
214,Márcio de Rocha,4
215,Alexandre Nascimento,9
216,Eduardo Rodrigues,1
217,Marcos Esteves,8
218,Gil de Mota,7
219,Alice Teixeira,2
220,Alexandre Santos,8
221,Carlos do Antunes,1
222,Luana Pinto,9
223,Valentina Santos,9
224,Nuno Gaspar,2
225,Diogo Azevedo,7
226,Micael Almeida,10
227,Cristiano Guerreiro,3
228,Mélanie Mota,7
229,Lisandro Oliveira,10
230,Luna Vicente,9
231,Eduardo Andrade,4
232,Márcio Coelho,1
233,Constança Neto,2
234,Lara do Pacheco,1
235,Soraia Martins,5
236,Gaspar Morais,5
237,Ângelo Carvalho,7
238,Igor Loureiro,9
239,Caetana Maia,9
240,Rafaela Costa,3
241,Beatriz Almeida,3
242,Salvador Mendes,3
243,Rúben Assunção,4
244,César Amaral,8
245,Kyara-Diana Gaspar,6
246,Fábio Lopes,8
247,Joel Garcia,1
248,Luana Cardoso-Miranda,8
249,Noa Brito,4
250,Joana Fonseca,1
251,Vicente Nogueira,8
252,Bárbara-Sofia Loureiro,4
253,Sebastião Miranda,6
254,Cláudio Matias,8
255,Diego Cruz-Valente,4
256,Sara Nogueira,3
257,Bárbara Ramos,9
258,Sandro Oliveira,3
259,Inês Correia,9
260,Vasco Matos,2
261,Isabela-Matilde Machado,2
262,Kyara Carneiro,2
263,Inês Silva,6
264,Lúcia Faria,3
265,Dinis Pinto,9
266,Joaquim Matos,4
267,Júlia Jesus,1
268,Eva Pacheco,4
269,Marco Lourenço,1
270,Kelly Nogueira-Freitas,5
271,Helena Nogueira,4
272,Denis Gaspar,8
273,Bruna Coelho,8
274,Violeta Costa,7
275,David Mota,3
276,Hugo Ferreira,1
277,Camila Morais,1
278,Mauro Branco-Silva,3
279,Vicente Nunes,6
280,Camila Magalhães,7
281,Noa Castro,6
282,Mara do Henriques,6
283,Santiago Baptista,6
284,Diogo Matos,3
285,Margarida Henriques,6
286,Santiago Barbosa,8
287,Vera Mendes,2
288,Carminho Pinho,5
289,Sofia Nogueira,1
290,Francisco Vieira,1
291,Joaquim Correia,5
292,Juliana Maia,3
293,Lucas Campos,4
294,Mário Ramos,3
295,Marcos Figueiredo,1
296,Vítor Ferreira,1
297,Joana Simões,5
298,Álvaro Ribeiro,6
299,Leandro Gaspar-Pacheco,3
300,Helena Torres,9
301,Denis Antunes,5
302,Carlos do Branco,8
303,Kyara Silva,1
304,Inês Torres,5
305,Luísa Leite,3
306,Joaquim Batista-Amaral,1
307,Mara Freitas,4
308,Patrícia Leal-Moreira,5
309,Bruno Soares,7
310,Samuel Nogueira,1
311,Filipe Nascimento-Domingues,3
312,Anita de Rocha,2
313,Enzo Ferreira,9
314,Pedro Silva,10
315,Lorena Batista,6
316,Cláudio Miranda,10
317,Francisco Rocha,3
318,Leonardo da Martins,8
319,Bárbara Gonçalves,8
320,Eduarda-Mafalda Pacheco,2
321,Violeta Amorim,6
322,Guilherme da Antunes,7
323,Noah Fonseca-Amorim,2
324,Hugo Pinho,10
325,Salvador Torres,2
326,Yasmin Maia,10
327,Camila Moreira,1
328,Afonso de Lourenço,8
329,Sebastião Faria,1
330,Marta-Eduarda Torres,9
331,Tatiana Gomes,6
332,Madalena Freitas,7
333,Cristiano Moura,10
334,Kelly Jesus,7
335,Kyara-Nair Carvalho,10
336,Luca Gaspar,3
337,Adriana Pires,2
338,Benjamim Soares,9
339,Letícia Leite,8
340,Bryan Jesus,10
341,Soraia Gomes,7
342,Mafalda Barros,9
343,Melissa Borges-Castro,4
344,Ângelo Leite,4
345,Kevin Moreira,1
346,César Rocha,8
347,Teresa Magalhães,3
348,Carminho Nunes,7
349,Lúcia Morais,2
350,Patrícia Carvalho-Leite,2
351,Bruno Rocha,7
352,Ricardo Tavares,6
353,Vasco Guerreiro,3
354,Mauro Teixeira,9
355,Larissa Pacheco,10
356,Vasco Brito,6
357,Kyara Lima,10
358,Nuno Carneiro,10
359,Artur Vicente,6
360,Cláudio do Costa,1
361,César Barros,4
362,Mariana Santos,10
363,Tatiana Lima,6
364,Enzo de Mendes,6
365,Inês Lima,5
366,Íris da Freitas,1
367,Vicente da Garcia,8
368,Miguel Marques,5
369,Marco Nogueira,5
370,Joel Pinho,7
371,Rúben Carvalho,4
372,Bianca do Macedo,6
373,Valentim Coelho,4
374,Bernardo Andrade,3
375,Sofia Costa,7
376,Renata Branco-Pinheiro,8
377,Emma Pereira,4
378,Alícia Borges,2
379,Emma-Diana Reis,10
380,Rodrigo Gomes,3
381,Ariana Oliveira,1
382,Enzo Almeida,8
383,Edgar Correia,3
384,Gabriel Magalhães-Santos,10
385,Leonardo Barbosa,7
386,Salvador Andrade,10
387,Cristiano Pires,5
388,Irina-Madalena Faria,10
389,Gabriel Neto-Mendes,5
390,Denis Martins,7
391,Júlia Matias,9
392,Nuno Azevedo,5
393,Rafaela Costa,1
394,Benjamim Cardoso,10
395,Kelly-Adriana Paiva,10
396,Rafael Paiva,1
397,Lorena Moreira,2
398,Patrícia Henriques,6
399,Cristiano Moura,9
400,Lisandro da Cunha,8
401,Ângela Garcia,5
402,Nicole-Emma Rocha,1
403,Caetana Martins,7
404,Flor Ferreira,5
405,Martim Lopes,6
406,Andreia Domingues,7
407,Núria Vieira,3
408,Teresa Costa,10
409,Erica do Castro,3
410,Patrícia Baptista,5
411,Bianca Correia,6
412,Dinis Moura,9
413,Lorena da Gaspar,5
414,Kyara Oliveira,1
415,Bryan Fonseca,4
416,Érica Lima,5
417,Carolina Pinto,10
418,Luana Silva,10
419,Rúben Baptista,5
420,David Almeida,7
421,Benedita Pinheiro,4
422,Ismael Rocha,1
423,Jéssica de Anjos,5
424,Marco Henriques,7
425,Lúcia Vieira,10
426,Mateus Loureiro,10
427,Beatriz Anjos-Mota,6
428,Filipa Esteves,5
429,Ivo de Campos,4
430,Flor Guerreiro,2
431,Ana Barros,4
432,Soraia Neto,10
433,Alice do Araújo,10
434,João Loureiro,3
435,Melissa Moreira,10
436,Francisca do Moura,1
437,Nelson Oliveira,8
438,Marta Almeida,5
439,Isabel Tavares,4
440,Flor Fonseca-Nascimento,8
441,Paulo Silva,7
442,Núria Coelho,2
443,Adriana Vaz,1
444,Mariana do Reis,4
445,Amélia Gaspar,8
446,César Brito,2
447,Bianca de Vicente,3
448,Ricardo Teixeira,1
449,William Rocha,1
450,Afonso Moreira,3
451,Francisco Vicente,5
452,Miguel Freitas,3
453,Nair Leal-Macedo,1
454,Bernardo Assunção,1
455,Ricardo Tavares-Pinho,8
456,Caetana Oliveira,10
457,Joaquim Araújo,2
458,Mauro da Neto,3
459,Inês Correia,2
460,Lisandro Cruz,3
461,Emma Magalhães,7
462,Carolina Marques,1
463,Madalena Henriques,10
464,Marta Costa,8
465,Miriam Lourenço,10
466,Maria Maia,10
467,Alícia-Luísa Loureiro,10
468,Gil Matias,2
469,Diogo Freitas-Rodrigues,3
470,Daniel Abreu,9
471,Mário Figueiredo,7
472,Iara Simões,4
473,Fábio Reis,10
474,Salvador Neves,5
475,Fernando Martins-Maia,2
476,Erica do Neto,8
477,Rita Nogueira,4
478,Tatiana Brito,9
479,Hugo Loureiro,5
480,Carlota de Mendes,9
481,Isabel Moreira-Cunha,4
482,André Andrade,10
483,Melissa Oliveira,5
484,Tomé Faria,9
485,Alexandre Branco-Gomes,8
486,Patrícia Tavares,3
487,Cláudio Teixeira,1
488,Guilherme Costa,3
489,Miguel Melo,4
490,Bruno Gomes,2
491,Francisca Moreira,1
492,Mélanie Melo,7
493,Hugo Andrade,8
494,Melissa Carvalho-Simões,7
495,Constança Rocha,5
496,Tomás da Amaral,1
497,Lucas Correia,7
498,Rúben da Sá,7
499,Pedro Domingues,9
500,Renata Castro,3
